Partner;Partner_region_zone;Appointment ID;URL;Calendar Name;Date Offered;Time Offered;Link Text;Availability
Amuse SFO;amuse_sfo1_zone_t;26740281;https://koi-mandolin-afct.squarespace.com/config/scheduling/appointments.php?action=editAppointmentType&id=26740281;710 Labs List Deliveries (Amuse) (Pacific Time);2/11/2023;9:00 AM;9:00am PST Saturday, February 11, 2023;6
Amuse SFO;amuse_sfo1_zone_t;26740281;https://koi-mandolin-afct.squarespace.com/config/scheduling/appointments.php?action=editAppointmentType&id=26740281;710 Labs List Deliveries (Amuse) (Pacific Time);2/11/2023;11:00 AM;11:00am PST Saturday, February 11, 2023;3
Amuse SFO;amuse_sfo1_zone_t;26740281;https://koi-mandolin-afct.squarespace.com/config/scheduling/appointments.php?action=editAppointmentType&id=26740281;710 Labs List Deliveries (Amuse) (Pacific Time);2/11/2023;3:00 PM;3:00pm PST Saturday, February 11, 2023;6
Amuse SFO;amuse_sfo1_zone_t;26740281;https://koi-mandolin-afct.squarespace.com/config/scheduling/appointments.php?action=editAppointmentType&id=26740281;710 Labs List Deliveries (Amuse) (Pacific Time);2/11/2023;5:00 PM;5:00pm PST Saturday, February 11, 2023;3
Amuse SFO;amuse_sfo1_zone_t;26740281;https://koi-mandolin-afct.squarespace.com/config/scheduling/appointments.php?action=editAppointmentType&id=26740281;710 Labs List Deliveries (Amuse) (Pacific Time);2/12/2023;9:00 AM;9:00am PST Sunday, February 12, 2023;6
Amuse SFO;amuse_sfo1_zone_t;26740281;https://koi-mandolin-afct.squarespace.com/config/scheduling/appointments.php?action=editAppointmentType&id=26740281;710 Labs List Deliveries (Amuse) (Pacific Time);2/12/2023;11:00 AM;11:00am PST Sunday, February 12, 2023;2
Amuse SFO;amuse_sfo1_zone_u;26741083;https://koi-mandolin-afct.squarespace.com/config/scheduling/appointments.php?action=editAppointmentType&id=26741083;710 Labs List Deliveries (Amuse) (Pacific Time);2/11/2023;9:00 AM;9:00am PST Saturday, February 11, 2023;5
Amuse SFO;amuse_sfo1_zone_u;26741083;https://koi-mandolin-afct.squarespace.com/config/scheduling/appointments.php?action=editAppointmentType&id=26741083;710 Labs List Deliveries (Amuse) (Pacific Time);2/11/2023;3:00 PM;3:00pm PST Saturday, February 11, 2023;5
Amuse SFO;amuse_sfo1_zone_u;26741083;https://koi-mandolin-afct.squarespace.com/config/scheduling/appointments.php?action=editAppointmentType&id=26741083;710 Labs List Deliveries (Amuse) (Pacific Time);2/12/2023;9:00 AM;9:00am PST Sunday, February 12, 2023;6
Amuse SFO;amuse_sfo1_zone_u;26741083;https://koi-mandolin-afct.squarespace.com/config/scheduling/appointments.php?action=editAppointmentType&id=26741083;710 Labs List Deliveries (Amuse) (Pacific Time);2/12/2023;11:00 AM;11:00am PST Sunday, February 12, 2023;1
Amuse SFO;amuse_sfo1_zone_u;26741083;https://koi-mandolin-afct.squarespace.com/config/scheduling/appointments.php?action=editAppointmentType&id=26741083;710 Labs List Deliveries (Amuse) (Pacific Time);2/12/2023;3:00 PM;3:00pm PST Sunday, February 12, 2023;6
Amuse SFO;amuse_sfo1_zone_u;26741083;https://koi-mandolin-afct.squarespace.com/config/scheduling/appointments.php?action=editAppointmentType&id=26741083;710 Labs List Deliveries (Amuse) (Pacific Time);2/12/2023;5:00 PM;5:00pm PST Sunday, February 12, 2023;1
Amuse SFO;amuse_sfo1_zone_u;26741083;https://koi-mandolin-afct.squarespace.com/config/scheduling/appointments.php?action=editAppointmentType&id=26741083;710 Labs List Deliveries (Amuse) (Pacific Time);2/13/2023;9:00 AM;9:00am PST Monday, February 13, 2023;1
Amuse SFO;amuse_sfo1_zone_u;26741083;https://koi-mandolin-afct.squarespace.com/config/scheduling/appointments.php?action=editAppointmentType&id=26741083;710 Labs List Deliveries (Amuse) (Pacific Time);2/13/2023;11:00 AM;11:00am PST Monday, February 13, 2023;4
Amuse SFO;amuse_sfo1_zone_u;26741083;https://koi-mandolin-afct.squarespace.com/config/scheduling/appointments.php?action=editAppointmentType&id=26741083;710 Labs List Deliveries (Amuse) (Pacific Time);2/13/2023;3:00 PM;3:00pm PST Monday, February 13, 2023;2
Amuse SFO;amuse_sfo1_zone_u;26741083;https://koi-mandolin-afct.squarespace.com/config/scheduling/appointments.php?action=editAppointmentType&id=26741083;710 Labs List Deliveries (Amuse) (Pacific Time);2/13/2023;5:00 PM;5:00pm PST Monday, February 13, 2023;4
Amuse SFO;amuse_sfo1_zone_u2;26741168;https://koi-mandolin-afct.squarespace.com/config/scheduling/appointments.php?action=editAppointmentType&id=26741168;710 Labs List Deliveries (Amuse) (Pacific Time);2/11/2023;9:00 AM;9:00am PST Saturday, February 11, 2023;1
Amuse SFO;amuse_sfo1_zone_u2;26741168;https://koi-mandolin-afct.squarespace.com/config/scheduling/appointments.php?action=editAppointmentType&id=26741168;710 Labs List Deliveries (Amuse) (Pacific Time);2/11/2023;11:00 AM;11:00am PST Saturday, February 11, 2023;1
Amuse SFO;amuse_sfo1_zone_u2;26741168;https://koi-mandolin-afct.squarespace.com/config/scheduling/appointments.php?action=editAppointmentType&id=26741168;710 Labs List Deliveries (Amuse) (Pacific Time);2/11/2023;3:00 PM;3:00pm PST Saturday, February 11, 2023;1
Amuse SFO;amuse_sfo1_zone_u2;26741168;https://koi-mandolin-afct.squarespace.com/config/scheduling/appointments.php?action=editAppointmentType&id=26741168;710 Labs List Deliveries (Amuse) (Pacific Time);2/11/2023;5:00 PM;5:00pm PST Saturday, February 11, 2023;1
Amuse SFO;amuse_sfo1_zone_u2;26741168;https://koi-mandolin-afct.squarespace.com/config/scheduling/appointments.php?action=editAppointmentType&id=26741168;710 Labs List Deliveries (Amuse) (Pacific Time);2/12/2023;11:00 AM;11:00am PST Sunday, February 12, 2023;1
Amuse SFO;amuse_sfo1_zone_u2;26741168;https://koi-mandolin-afct.squarespace.com/config/scheduling/appointments.php?action=editAppointmentType&id=26741168;710 Labs List Deliveries (Amuse) (Pacific Time);2/12/2023;5:00 PM;5:00pm PST Sunday, February 12, 2023;1
Amuse SFO;amuse_sfo1_zone_v;26741513;https://koi-mandolin-afct.squarespace.com/config/scheduling/appointments.php?action=editAppointmentType&id=26741513;710 Labs List Deliveries (Amuse) (Pacific Time);2/11/2023;11:00 AM;11:00am PST Saturday, February 11, 2023;2
Amuse SFO;amuse_sfo1_zone_v;26741513;https://koi-mandolin-afct.squarespace.com/config/scheduling/appointments.php?action=editAppointmentType&id=26741513;710 Labs List Deliveries (Amuse) (Pacific Time);2/11/2023;5:00 PM;5:00pm PST Saturday, February 11, 2023;2
Amuse SFO;amuse_sfo1_zone_v;26741513;https://koi-mandolin-afct.squarespace.com/config/scheduling/appointments.php?action=editAppointmentType&id=26741513;710 Labs List Deliveries (Amuse) (Pacific Time);2/12/2023;9:00 AM;9:00am PST Sunday, February 12, 2023;6
Amuse SFO;amuse_sfo1_zone_v;26741513;https://koi-mandolin-afct.squarespace.com/config/scheduling/appointments.php?action=editAppointmentType&id=26741513;710 Labs List Deliveries (Amuse) (Pacific Time);2/12/2023;3:00 PM;3:00pm PST Sunday, February 12, 2023;6
Amuse SFO;amuse_sfo1_zone_v;26741513;https://koi-mandolin-afct.squarespace.com/config/scheduling/appointments.php?action=editAppointmentType&id=26741513;710 Labs List Deliveries (Amuse) (Pacific Time);2/13/2023;11:00 AM;11:00am PST Monday, February 13, 2023;4
Amuse SFO;amuse_sfo1_zone_v;26741513;https://koi-mandolin-afct.squarespace.com/config/scheduling/appointments.php?action=editAppointmentType&id=26741513;710 Labs List Deliveries (Amuse) (Pacific Time);2/13/2023;5:00 PM;5:00pm PST Monday, February 13, 2023;4
Amuse SFO;amuse_sfo1_zone_w;26741768;https://koi-mandolin-afct.squarespace.com/config/scheduling/appointments.php?action=editAppointmentType&id=26741768;710 Labs List Deliveries (Amuse) (Pacific Time);2/11/2023;11:00 AM;11:00am PST Saturday, February 11, 2023;3
Amuse SFO;amuse_sfo1_zone_w;26741768;https://koi-mandolin-afct.squarespace.com/config/scheduling/appointments.php?action=editAppointmentType&id=26741768;710 Labs List Deliveries (Amuse) (Pacific Time);2/11/2023;5:00 PM;5:00pm PST Saturday, February 11, 2023;3
Amuse SFO;amuse_sfo1_zone_w;26741768;https://koi-mandolin-afct.squarespace.com/config/scheduling/appointments.php?action=editAppointmentType&id=26741768;710 Labs List Deliveries (Amuse) (Pacific Time);2/12/2023;11:00 AM;11:00am PST Sunday, February 12, 2023;2
Amuse SFO;amuse_sfo1_zone_w;26741768;https://koi-mandolin-afct.squarespace.com/config/scheduling/appointments.php?action=editAppointmentType&id=26741768;710 Labs List Deliveries (Amuse) (Pacific Time);2/12/2023;5:00 PM;5:00pm PST Sunday, February 12, 2023;2
Amuse SFO;amuse_sfo1_zone_x;26741808;https://koi-mandolin-afct.squarespace.com/config/scheduling/appointments.php?action=editAppointmentType&id=26741808;710 Labs List Deliveries (Amuse) (Pacific Time);2/11/2023;9:00 AM;9:00am PST Saturday, February 11, 2023;5
Amuse SFO;amuse_sfo1_zone_x;26741808;https://koi-mandolin-afct.squarespace.com/config/scheduling/appointments.php?action=editAppointmentType&id=26741808;710 Labs List Deliveries (Amuse) (Pacific Time);2/11/2023;3:00 PM;3:00pm PST Saturday, February 11, 2023;5
Amuse SFO;amuse_sfo1_zone_x;26741808;https://koi-mandolin-afct.squarespace.com/config/scheduling/appointments.php?action=editAppointmentType&id=26741808;710 Labs List Deliveries (Amuse) (Pacific Time);2/12/2023;9:00 AM;9:00am PST Sunday, February 12, 2023;6
Amuse SFO;amuse_sfo1_zone_x;26741808;https://koi-mandolin-afct.squarespace.com/config/scheduling/appointments.php?action=editAppointmentType&id=26741808;710 Labs List Deliveries (Amuse) (Pacific Time);2/12/2023;11:00 AM;11:00am PST Sunday, February 12, 2023;4
Amuse SFO;amuse_sfo1_zone_x;26741808;https://koi-mandolin-afct.squarespace.com/config/scheduling/appointments.php?action=editAppointmentType&id=26741808;710 Labs List Deliveries (Amuse) (Pacific Time);2/12/2023;3:00 PM;3:00pm PST Sunday, February 12, 2023;6
Amuse SFO;amuse_sfo1_zone_x;26741808;https://koi-mandolin-afct.squarespace.com/config/scheduling/appointments.php?action=editAppointmentType&id=26741808;710 Labs List Deliveries (Amuse) (Pacific Time);2/12/2023;5:00 PM;5:00pm PST Sunday, February 12, 2023;4
Amuse SFO;amuse_sfo1_zone_x;26741808;https://koi-mandolin-afct.squarespace.com/config/scheduling/appointments.php?action=editAppointmentType&id=26741808;710 Labs List Deliveries (Amuse) (Pacific Time);2/13/2023;9:00 AM;9:00am PST Monday, February 13, 2023;5
Amuse SFO;amuse_sfo1_zone_x;26741808;https://koi-mandolin-afct.squarespace.com/config/scheduling/appointments.php?action=editAppointmentType&id=26741808;710 Labs List Deliveries (Amuse) (Pacific Time);2/13/2023;3:00 PM;3:00pm PST Monday, February 13, 2023;4
Amuse SFO;amuse_sfo1_zone_y;26741928;https://koi-mandolin-afct.squarespace.com/config/scheduling/appointments.php?action=editAppointmentType&id=26741928;710 Labs List Deliveries (Amuse) (Pacific Time);2/11/2023;9:00 AM;9:00am PST Saturday, February 11, 2023;1
Amuse SFO;amuse_sfo1_zone_y;26741928;https://koi-mandolin-afct.squarespace.com/config/scheduling/appointments.php?action=editAppointmentType&id=26741928;710 Labs List Deliveries (Amuse) (Pacific Time);2/11/2023;11:00 AM;11:00am PST Saturday, February 11, 2023;2
Amuse SFO;amuse_sfo1_zone_y;26741928;https://koi-mandolin-afct.squarespace.com/config/scheduling/appointments.php?action=editAppointmentType&id=26741928;710 Labs List Deliveries (Amuse) (Pacific Time);2/11/2023;3:00 PM;3:00pm PST Saturday, February 11, 2023;1
Amuse SFO;amuse_sfo1_zone_y;26741928;https://koi-mandolin-afct.squarespace.com/config/scheduling/appointments.php?action=editAppointmentType&id=26741928;710 Labs List Deliveries (Amuse) (Pacific Time);2/11/2023;5:00 PM;5:00pm PST Saturday, February 11, 2023;2
Amuse SFO;amuse_sfo1_zone_y;26741928;https://koi-mandolin-afct.squarespace.com/config/scheduling/appointments.php?action=editAppointmentType&id=26741928;710 Labs List Deliveries (Amuse) (Pacific Time);2/12/2023;11:00 AM;11:00am PST Sunday, February 12, 2023;4
Amuse SFO;amuse_sfo1_zone_y;26741928;https://koi-mandolin-afct.squarespace.com/config/scheduling/appointments.php?action=editAppointmentType&id=26741928;710 Labs List Deliveries (Amuse) (Pacific Time);2/12/2023;5:00 PM;5:00pm PST Sunday, February 12, 2023;4
Amuse SFO;amuse_sfo1_zone_y;26741928;https://koi-mandolin-afct.squarespace.com/config/scheduling/appointments.php?action=editAppointmentType&id=26741928;710 Labs List Deliveries (Amuse) (Pacific Time);2/13/2023;9:00 AM;9:00am PST Monday, February 13, 2023;6
Amuse SFO;amuse_sfo1_zone_y;26741928;https://koi-mandolin-afct.squarespace.com/config/scheduling/appointments.php?action=editAppointmentType&id=26741928;710 Labs List Deliveries (Amuse) (Pacific Time);2/13/2023;3:00 PM;3:00pm PST Monday, February 13, 2023;6
Amuse SFO;amuse_sfo1_zone_z;26741948;https://koi-mandolin-afct.squarespace.com/config/scheduling/appointments.php?action=editAppointmentType&id=26741948;710 Labs List Deliveries (Amuse) (Pacific Time);2/11/2023;11:00 AM;11:00am PST Saturday, February 11, 2023;1
Amuse SFO;amuse_sfo1_zone_z;26741948;https://koi-mandolin-afct.squarespace.com/config/scheduling/appointments.php?action=editAppointmentType&id=26741948;710 Labs List Deliveries (Amuse) (Pacific Time);2/11/2023;5:00 PM;5:00pm PST Saturday, February 11, 2023;1
Amuse SFO;amuse_sfo1_zone_z;26741948;https://koi-mandolin-afct.squarespace.com/config/scheduling/appointments.php?action=editAppointmentType&id=26741948;710 Labs List Deliveries (Amuse) (Pacific Time);2/12/2023;11:00 AM;11:00am PST Sunday, February 12, 2023;2
Amuse SAC;amuse_sac1_zone_h;38173466;https://koi-mandolin-afct.squarespace.com/config/scheduling/appointments.php?action=editAppointmentType&id=38173466;710 Labs List Deliveries (Amuse) (Pacific Time);2/11/2023;9:00 AM;9:00am PST Saturday, February 11, 2023;4
Amuse SAC;amuse_sac1_zone_h;38173466;https://koi-mandolin-afct.squarespace.com/config/scheduling/appointments.php?action=editAppointmentType&id=38173466;710 Labs List Deliveries (Amuse) (Pacific Time);2/11/2023;5:00 PM;5:00pm PST Saturday, February 11, 2023;3
Amuse SAC;amuse_sac1_zone_h;38173466;https://koi-mandolin-afct.squarespace.com/config/scheduling/appointments.php?action=editAppointmentType&id=38173466;710 Labs List Deliveries (Amuse) (Pacific Time);2/12/2023;9:00 AM;9:00am PST Sunday, February 12, 2023;4
Amuse SAC;amuse_sac1_zone_h;38173466;https://koi-mandolin-afct.squarespace.com/config/scheduling/appointments.php?action=editAppointmentType&id=38173466;710 Labs List Deliveries (Amuse) (Pacific Time);2/12/2023;5:00 PM;5:00pm PST Sunday, February 12, 2023;3
Amuse SAC;amuse_sac1_zone_i;38173500;https://koi-mandolin-afct.squarespace.com/config/scheduling/appointments.php?action=editAppointmentType&id=38173500;710 Labs List Deliveries (Amuse) (Pacific Time);2/11/2023;11:00 AM;11:00am PST Saturday, February 11, 2023;3
Amuse SAC;amuse_sac1_zone_i;38173500;https://koi-mandolin-afct.squarespace.com/config/scheduling/appointments.php?action=editAppointmentType&id=38173500;710 Labs List Deliveries (Amuse) (Pacific Time);2/11/2023;3:00 PM;3:00pm PST Saturday, February 11, 2023;4
Amuse SAC;amuse_sac1_zone_i;38173500;https://koi-mandolin-afct.squarespace.com/config/scheduling/appointments.php?action=editAppointmentType&id=38173500;710 Labs List Deliveries (Amuse) (Pacific Time);2/12/2023;11:00 AM;11:00am PST Sunday, February 12, 2023;3
Amuse SAC;amuse_sac1_zone_i;38173500;https://koi-mandolin-afct.squarespace.com/config/scheduling/appointments.php?action=editAppointmentType&id=38173500;710 Labs List Deliveries (Amuse) (Pacific Time);2/12/2023;3:00 PM;3:00pm PST Sunday, February 12, 2023;4
Amuse SAC;amuse_sac1_zone_j;38173509;https://koi-mandolin-afct.squarespace.com/config/scheduling/appointments.php?action=editAppointmentType&id=38173509;710 Labs List Deliveries (Amuse) (Pacific Time);2/11/2023;10:00 AM;10:00am PST Saturday, February 11, 2023;4
Amuse SAC;amuse_sac1_zone_j;38173509;https://koi-mandolin-afct.squarespace.com/config/scheduling/appointments.php?action=editAppointmentType&id=38173509;710 Labs List Deliveries (Amuse) (Pacific Time);2/11/2023;11:00 AM;11:00am PST Saturday, February 11, 2023;3
Amuse SAC;amuse_sac1_zone_j;38173509;https://koi-mandolin-afct.squarespace.com/config/scheduling/appointments.php?action=editAppointmentType&id=38173509;710 Labs List Deliveries (Amuse) (Pacific Time);2/12/2023;4:00 PM;4:00pm PST Sunday, February 12, 2023;4
Amuse SAC;amuse_sac1_zone_j;38173509;https://koi-mandolin-afct.squarespace.com/config/scheduling/appointments.php?action=editAppointmentType&id=38173509;710 Labs List Deliveries (Amuse) (Pacific Time);2/12/2023;5:00 PM;5:00pm PST Sunday, February 12, 2023;3
Amuse SAC;amuse_sac1_zone_l;38173529;https://koi-mandolin-afct.squarespace.com/config/scheduling/appointments.php?action=editAppointmentType&id=38173529;710 Labs List Deliveries (Amuse) (Pacific Time);2/11/2023;4:00 PM;4:00pm PST Saturday, February 11, 2023;4
Amuse SAC;amuse_sac1_zone_l;38173529;https://koi-mandolin-afct.squarespace.com/config/scheduling/appointments.php?action=editAppointmentType&id=38173529;710 Labs List Deliveries (Amuse) (Pacific Time);2/11/2023;5:00 PM;5:00pm PST Saturday, February 11, 2023;3
Amuse SAC;amuse_sac1_zone_l;38173529;https://koi-mandolin-afct.squarespace.com/config/scheduling/appointments.php?action=editAppointmentType&id=38173529;710 Labs List Deliveries (Amuse) (Pacific Time);2/12/2023;10:00 AM;10:00am PST Sunday, February 12, 2023;4
Amuse SAC;amuse_sac1_zone_l;38173529;https://koi-mandolin-afct.squarespace.com/config/scheduling/appointments.php?action=editAppointmentType&id=38173529;710 Labs List Deliveries (Amuse) (Pacific Time);2/12/2023;11:00 AM;11:00am PST Sunday, February 12, 2023;3
