first_name,last_name,email,password,dob_month,dob_day,dob_year,address,phone,customer_type,drivers_license_number,med_card_number,order
Brandon,Jerry,brandon.jerry@hod710load2.com,1234TEST,03,5,2001,out_of_state,7059623119,recreational,92611011,28685448,3
Kristen,Albert,kristen.albert@hod710load2.com,1234TEST,11,4,1933,in_state,7574298720,medical,25364308,27179296,3
Vanessa,Patricia,vanessa.patricia@hod710load2.com,1234TEST,05,7,1954,in_state,3949374055,medical,77756667,80472133,4
Kyle,Cory,kyle.cory@hod710load2.com,1234TEST,09,11,1971,in_state,4638936518,recreational,85584704,31184766,3
Katie,Robin,katie.robin@hod710load2.com,1234TEST,02,25,1982,out_of_state,1225362551,recreational,39590900,91219879,5
Jordan,Morgan,jordan.morgan@hod710load2.com,1234TEST,06,4,1914,out_of_state,3244398025,recreational,50157870,59703923,5
Jacqueline,Ricky,jacqueline.ricky@hod710load2.com,1234TEST,07,13,1956,in_state,3709806061,medical,21987214,80273022,3
Alicia,Luis,alicia.luis@hod710load2.com,1234TEST,10,18,1923,in_state,2961122777,medical,15853428,40552019,4
Courtney,Stacy,courtney.stacy@hod710load2.com,1234TEST,03,8,1920,out_of_state,8243184486,recreational,31355651,80211649,4
Brandon,Susan,brandon.susan@hod710load2.com,1234TEST,06,27,1946,out_of_state,5242408830,medical,17560336,36909350,1
Peter,Alan,peter.alan@hod710load2.com,1234TEST,03,5,1985,in_state,4510368471,medical,56367660,59684110,2
Alicia,Susan,alicia.susan@hod710load2.com,1234TEST,03,28,2001,out_of_state,3988923275,recreational,92573502,70042074,4
Katie,Kristopher,katie.kristopher@hod710load2.com,1234TEST,09,10,1904,out_of_state,4695088002,recreational,37230134,38925042,5
Gregory,Caitlin,gregory.caitlin@hod710load2.com,1234TEST,11,17,1965,out_of_state,4117299319,recreational,58043172,18548826,3
Mary,Jerry,mary.jerry@hod710load2.com,1234TEST,06,21,1909,in_state,8244179353,medical,95934865,23634700,1
Shawn,Albert,shawn.albert@hod710load2.com,1234TEST,07,22,1995,out_of_state,8645058625,medical,97647490,75203189,3
John,Jasmine,john.jasmine@hod710load2.com,1234TEST,08,7,1987,in_state,5352763119,recreational,43455826,74115719,3
Justin,Larry,justin.larry@hod710load2.com,1234TEST,08,20,1980,in_state,9537174219,recreational,28876274,64517797,3
Angela,Wesley,angela.wesley@hod710load2.com,1234TEST,02,14,1902,out_of_state,1444566580,recreational,48038820,74603138,2
Christopher,Christy,christopher.christy@hod710load2.com,1234TEST,09,5,1947,out_of_state,6571790363,medical,51194573,30066779,3
Heather,Johnny,heather.johnny@hod710load2.com,1234TEST,09,9,1901,out_of_state,3422829531,recreational,85262705,80912832,5
Kathryn,Alisha,kathryn.alisha@hod710load2.com,1234TEST,10,15,1939,out_of_state,4286618454,medical,20102344,90028403,1
Tara,Kristy,tara.kristy@hod710load2.com,1234TEST,11,12,1957,in_state,5139686986,medical,73465961,51983605,1
Christina,Felicia,christina.felicia@hod710load2.com,1234TEST,10,7,1916,in_state,7129159270,medical,39567434,34037775,4
Steven,Valerie,steven.valerie@hod710load2.com,1234TEST,04,16,1907,in_state,9786693270,recreational,51225888,64991810,4
Melissa,Todd,melissa.todd@hod710load2.com,1234TEST,09,25,1958,in_state,9922117370,medical,59359841,30491710,2
Gregory,Jimmy,gregory.jimmy@hod710load2.com,1234TEST,05,2,1949,in_state,9485532435,recreational,38930024,52648187,2
Lindsey,Stacy,lindsey.stacy@hod710load2.com,1234TEST,07,18,1992,in_state,3792220311,medical,87864185,74175865,3
Ashley,Tracy,ashley.tracy@hod710load2.com,1234TEST,06,15,1915,in_state,8573308573,recreational,76952008,81499840,3
Kristina,Lance,kristina.lance@hod710load2.com,1234TEST,04,5,1993,out_of_state,1621352179,medical,60433894,62271364,1
Stephen,Ross,stephen.ross@hod710load2.com,1234TEST,09,8,1944,out_of_state,4076643351,recreational,54679539,88792156,4
Megan,Shane,megan.shane@hod710load2.com,1234TEST,07,22,1984,in_state,3641768147,medical,78245494,57258860,4
Katie,Krystle,katie.krystle@hod710load2.com,1234TEST,08,15,2000,out_of_state,1876766839,medical,69564118,43213557,3
Lauren,Teresa,lauren.teresa@hod710load2.com,1234TEST,12,20,1901,out_of_state,9993613288,recreational,39916655,87317980,4
Robert,Misty,robert.misty@hod710load2.com,1234TEST,03,20,1945,in_state,1635612143,recreational,23676088,77949264,3
Tyler,Dana,tyler.dana@hod710load2.com,1234TEST,11,24,1950,in_state,6327607883,recreational,74400186,14896193,2
Brittany,Luke,brittany.luke@hod710load2.com,1234TEST,08,14,1901,out_of_state,2810513539,medical,87940280,87488592,1
Samantha,Henry,samantha.henry@hod710load2.com,1234TEST,09,3,1901,out_of_state,6006270366,recreational,47422900,68101806,3
Jonathan,Candice,jonathan.candice@hod710load2.com,1234TEST,06,7,1982,in_state,9990463493,medical,95565109,37925134,4
Christopher,Henry,christopher.henry@hod710load2.com,1234TEST,02,25,1931,in_state,5224250644,medical,98098393,25400260,4
Gregory,Craig,gregory.craig@hod710load2.com,1234TEST,07,7,1969,out_of_state,5376130455,recreational,66209807,32703208,2
David,Misty,david.misty@hod710load2.com,1234TEST,03,8,1983,in_state,6726178432,recreational,17433718,84231911,4
Erica,Jenny,erica.jenny@hod710load2.com,1234TEST,07,5,1999,in_state,1863257373,medical,69491046,86320694,3
Dustin,Danny,dustin.danny@hod710load2.com,1234TEST,03,10,1988,in_state,5495986277,recreational,95929446,18125060,3
Derek,Drew,derek.drew@hod710load2.com,1234TEST,10,12,1909,in_state,8817000269,recreational,39622434,70103246,1
Shannon,Kristy,shannon.kristy@hod710load2.com,1234TEST,12,25,1983,in_state,6275103463,medical,55030570,83683358,2
Anna,Andre,anna.andre@hod710load2.com,1234TEST,03,8,1906,in_state,1013769068,recreational,54701228,80303928,4
Joseph,Alex,joseph.alex@hod710load2.com,1234TEST,11,15,1939,in_state,6441599770,medical,43042467,59546121,4
Thomas,Cory,thomas.cory@hod710load2.com,1234TEST,04,4,1934,out_of_state,4225807191,recreational,82579565,96223347,4
Justin,Austin,justin.austin@hod710load2.com,1234TEST,06,6,1962,out_of_state,5254686823,medical,73533890,79649497,5
Benjamin,Krista,benjamin.krista@hod710load2.com,1234TEST,10,8,1963,out_of_state,5708857724,recreational,66837988,17337031,3
Stephen,Dennis,stephen.dennis@hod710load2.com,1234TEST,07,17,1979,out_of_state,4798572607,medical,95990762,75482705,2
Juan,Ricky,juan.ricky@hod710load2.com,1234TEST,12,17,1911,out_of_state,9179705875,medical,68353031,84389284,3
Travis,Victor,travis.victor@hod710load2.com,1234TEST,01,24,1947,out_of_state,8909170040,recreational,59374962,18694720,4
Victoria,Latoya,victoria.latoya@hod710load2.com,1234TEST,06,5,1979,in_state,1321142360,medical,80836035,61677354,3
John,Ricky,john.ricky@hod710load2.com,1234TEST,03,6,1941,out_of_state,8652430846,recreational,78626904,90552623,3
Derek,Erik,derek.erik@hod710load2.com,1234TEST,08,11,1978,out_of_state,6088126112,recreational,48815657,81199012,2
Zachary,Karen,zachary.karen@hod710load2.com,1234TEST,02,7,1927,out_of_state,9463043746,medical,88406654,27103773,3
Peter,Renee,peter.renee@hod710load2.com,1234TEST,10,7,1989,out_of_state,9099862590,medical,68422248,14644472,4
Rebecca,Johnny,rebecca.johnny@hod710load2.com,1234TEST,01,5,1960,out_of_state,6218967427,recreational,53403491,44202040,5
Natalie,Jonathon,natalie.jonathon@hod710load2.com,1234TEST,09,2,1938,out_of_state,9755563603,recreational,10369204,15334999,1
Bryan,Billy,bryan.billy@hod710load2.com,1234TEST,05,14,1983,in_state,4395978736,recreational,28298125,20106853,4
Nicholas,Johnny,nicholas.johnny@hod710load2.com,1234TEST,01,15,1989,out_of_state,3802310419,recreational,89357566,48881842,4
Christine,Tony,christine.tony@hod710load2.com,1234TEST,04,28,1928,in_state,8045393524,medical,25405372,82467071,3
Benjamin,Evan,benjamin.evan@hod710load2.com,1234TEST,06,27,1951,out_of_state,1385339437,recreational,99179195,41578007,3
Robert,Derrick,robert.derrick@hod710load2.com,1234TEST,05,12,1938,out_of_state,2898847854,recreational,23660493,23005464,5
Jonathan,Todd,jonathan.todd@hod710load2.com,1234TEST,05,16,1996,in_state,4925973003,medical,70765789,18140550,4
Anna,Austin,anna.austin@hod710load2.com,1234TEST,10,28,1917,in_state,9111037325,recreational,87972251,96000904,3
Jenna,Kendra,jenna.kendra@hod710load2.com,1234TEST,11,7,1992,in_state,9880193314,medical,34812313,82472612,3
Tara,Alexandra,tara.alexandra@hod710load2.com,1234TEST,07,22,1917,in_state,7392334106,recreational,54115022,94132200,3
Ryan,Larry,ryan.larry@hod710load2.com,1234TEST,02,3,2000,out_of_state,3739541098,medical,18161640,14473829,5
Krystal,Hannah,krystal.hannah@hod710load2.com,1234TEST,10,1,1970,out_of_state,6899033287,medical,36866353,87839670,2
Rebecca,Krystle,rebecca.krystle@hod710load2.com,1234TEST,11,21,1985,in_state,9831708846,medical,56421000,43737259,5
Jacqueline,Billy,jacqueline.billy@hod710load2.com,1234TEST,11,26,1942,in_state,8783574414,medical,70642180,97048318,4
Julie,Drew,julie.drew@hod710load2.com,1234TEST,06,8,1966,out_of_state,7175186589,recreational,95120551,94154913,4
Adam,Alexis,adam.alexis@hod710load2.com,1234TEST,08,19,1999,in_state,9757513797,medical,94597983,88882206,4
Kimberly,Brittney,kimberly.brittney@hod710load2.com,1234TEST,04,22,1958,in_state,5032952984,recreational,69731194,57216801,2
Mark,Mallory,mark.mallory@hod710load2.com,1234TEST,04,24,1909,in_state,4086478325,medical,22239534,63416193,4
Donald,Desiree,donald.desiree@hod710load2.com,1234TEST,04,23,1962,out_of_state,1915031360,recreational,65925153,52117149,2
Andrea,Garrett,andrea.garrett@hod710load2.com,1234TEST,08,20,1987,out_of_state,5772134836,recreational,17742536,55123333,5
Erica,Evan,erica.evan@hod710load2.com,1234TEST,08,2,1955,out_of_state,3697342131,recreational,16262907,66942985,4
Mark,Jenny,mark.jenny@hod710load2.com,1234TEST,12,11,1914,in_state,5137807790,recreational,33168299,78579389,3
Tiffany,Stacey,tiffany.stacey@hod710load2.com,1234TEST,04,15,1946,out_of_state,2681475237,recreational,96978627,82264031,5
Lauren,Lance,lauren.lance@hod710load2.com,1234TEST,04,19,1944,out_of_state,9931338701,medical,57865726,88307214,1
Michael,Stacy,michael.stacy@hod710load2.com,1234TEST,07,9,1947,out_of_state,5821631925,medical,98449769,29698470,5
Andrea,Krista,andrea.krista@hod710load2.com,1234TEST,04,11,1966,out_of_state,2403799918,medical,40882827,89041390,4
Vanessa,Victor,vanessa.victor@hod710load2.com,1234TEST,04,6,1961,in_state,8824070269,recreational,48292558,27608249,5
Jessica,Victor,jessica.victor@hod710load2.com,1234TEST,04,16,1956,in_state,8581577035,recreational,71019511,50856796,4
Julie,Linda,julie.linda@hod710load2.com,1234TEST,09,9,1933,out_of_state,3292061898,medical,25622397,11372517,2
Daniel,Teresa,daniel.teresa@hod710load2.com,1234TEST,05,2,1955,in_state,4291058623,medical,36114316,94754599,1
Krystal,Randall,krystal.randall@hod710load2.com,1234TEST,10,3,1992,in_state,2784877474,recreational,65937038,39872611,3
Michael,Dennis,michael.dennis@hod710load2.com,1234TEST,07,27,1982,out_of_state,9041786501,medical,61679345,56687331,4
Jeremy,Cory,jeremy.cory@hod710load2.com,1234TEST,06,23,1911,in_state,5400064904,recreational,96181860,94351576,4
Bradley,Douglas,bradley.douglas@hod710load2.com,1234TEST,09,20,1990,out_of_state,4950639526,medical,89519434,29414549,4
Vanessa,Devin,vanessa.devin@hod710load2.com,1234TEST,04,15,1993,in_state,2919755880,recreational,89983399,22922017,5
William,Miguel,william.miguel@hod710load2.com,1234TEST,03,24,1928,in_state,2774731475,recreational,54464154,51826377,2
Angela,Krystle,angela.krystle@hod710load2.com,1234TEST,06,20,1903,out_of_state,3407587602,recreational,20713291,29205581,1
Elizabeth,Natasha,elizabeth.natasha@hod710load2.com,1234TEST,07,2,1919,out_of_state,5295692671,recreational,83806502,28799894,1
Ashley,Nathaniel,ashley.nathaniel@hod710load2.com,1234TEST,04,6,2001,out_of_state,9454786825,medical,70174935,18194561,3
Mary,Antonio,mary.antonio@hod710load2.com,1234TEST,05,25,1924,out_of_state,1697397132,recreational,21013609,82639668,2
Allison,Tony,allison.tony@hod710load2.com,1234TEST,02,25,1937,out_of_state,9681951253,recreational,19275999,36010820,3
Joseph,Dana,joseph.dana@hod710load2.com,1234TEST,08,15,1992,in_state,5840727449,medical,66316368,70606948,5
Kristina,Felicia,kristina.felicia@hod710load2.com,1234TEST,05,5,1977,in_state,5065049569,medical,33328648,73161069,3
Keith,Miguel,keith.miguel@hod710load2.com,1234TEST,06,17,1977,out_of_state,5053436012,medical,39992951,14901692,4
Joshua,Alexandra,joshua.alexandra@hod710load2.com,1234TEST,10,8,1924,in_state,3706310557,medical,43655378,66792851,5
Shannon,Tabitha,shannon.tabitha@hod710load2.com,1234TEST,03,19,1985,in_state,7014507391,medical,64662027,69198313,4
Edward,Henry,edward.henry@hod710load2.com,1234TEST,01,19,1916,out_of_state,9677216350,medical,22301050,65766299,2
Donald,Katrina,donald.katrina@hod710load2.com,1234TEST,11,22,1962,in_state,4767746826,medical,85353871,23951728,2
Kelly,Leslie,kelly.leslie@hod710load2.com,1234TEST,02,21,1916,in_state,3964158123,recreational,11973059,30778008,4
Joseph,Brandy,joseph.brandy@hod710load2.com,1234TEST,08,2,1946,out_of_state,6798778734,recreational,87220516,45218259,3
Krystal,Carrie,krystal.carrie@hod710load2.com,1234TEST,06,12,1953,in_state,1617947784,medical,96243699,58791291,3
Kristina,Chelsea,kristina.chelsea@hod710load2.com,1234TEST,09,7,1936,out_of_state,4356573265,recreational,71700615,54740627,2
Jeremy,Henry,jeremy.henry@hod710load2.com,1234TEST,11,10,1992,out_of_state,4294946182,recreational,58725763,48409578,5
Samuel,Hannah,samuel.hannah@hod710load2.com,1234TEST,04,16,1977,in_state,1901481115,recreational,21022531,93123256,4
Ashley,Troy,ashley.troy@hod710load2.com,1234TEST,11,6,1904,out_of_state,6156823227,medical,45829180,28125219,1
Steven,Monique,steven.monique@hod710load2.com,1234TEST,09,14,1947,in_state,5276094154,medical,75893687,70700489,1
Matthew,Taylor,matthew.taylor@hod710load2.com,1234TEST,11,8,1917,out_of_state,1822790119,medical,28059515,68414906,1
Thomas,Shane,thomas.shane@hod710load2.com,1234TEST,07,13,1943,in_state,5185782897,recreational,11899717,99334298,2
Katherine,Stacy,katherine.stacy@hod710load2.com,1234TEST,07,25,1917,in_state,8825552523,medical,25145825,98046429,1
David,Tracy,david.tracy@hod710load2.com,1234TEST,02,4,1968,out_of_state,5058287895,medical,70869285,42058886,5
Tara,Teresa,tara.teresa@hod710load2.com,1234TEST,07,14,1992,out_of_state,9971341083,recreational,61884742,84602122,5
Tiffany,Cory,tiffany.cory@hod710load2.com,1234TEST,01,6,1993,out_of_state,7745233535,recreational,75626493,59938282,1
Kristina,Brandy,kristina.brandy@hod710load2.com,1234TEST,08,6,1926,in_state,4634470442,recreational,94039567,84786131,1
Rachel,Misty,rachel.misty@hod710load2.com,1234TEST,06,14,1909,out_of_state,1704925187,medical,31060681,67471248,1
Ashley,Tamara,ashley.tamara@hod710load2.com,1234TEST,01,3,1935,out_of_state,9395305909,recreational,67299153,55520406,2
Jacob,Joanna,jacob.joanna@hod710load2.com,1234TEST,04,4,1986,in_state,7840514792,recreational,74232755,79648970,1
Scott,Kelli,scott.kelli@hod710load2.com,1234TEST,06,23,1992,out_of_state,6452822340,recreational,40823895,96884591,1
Anna,Seth,anna.seth@hod710load2.com,1234TEST,12,12,1981,in_state,6588870863,medical,38778634,27659426,3
Erica,Tracy,erica.tracy@hod710load2.com,1234TEST,03,27,1980,in_state,7882719960,recreational,29709035,20635187,4
Shannon,Mathew,shannon.mathew@hod710load2.com,1234TEST,11,7,1918,out_of_state,7894722425,recreational,58665711,13083765,4
Jessica,Jonathon,jessica.jonathon@hod710load2.com,1234TEST,03,6,1956,in_state,6371111943,recreational,15483918,17148494,4
Nicole,Chase,nicole.chase@hod710load2.com,1234TEST,07,27,1949,out_of_state,7546434712,recreational,87440961,46121479,2
Jacqueline,Natasha,jacqueline.natasha@hod710load2.com,1234TEST,02,9,1983,in_state,1411964109,medical,89026023,61249783,2
Nicole,Deanna,nicole.deanna@hod710load2.com,1234TEST,04,12,1943,out_of_state,9881801776,recreational,17543636,75320686,2
Corey,Karen,corey.karen@hod710load2.com,1234TEST,08,4,1943,out_of_state,1821784439,recreational,57768184,16379411,5
Juan,Jon,juan.jon@hod710load2.com,1234TEST,11,13,1996,out_of_state,9935344533,recreational,10637196,39917090,3
John,Mitchell,john.mitchell@hod710load2.com,1234TEST,07,10,1924,out_of_state,2583650122,recreational,86365170,93047580,2
Maria,Phillip,maria.phillip@hod710load2.com,1234TEST,07,12,1913,in_state,5736711207,medical,71871186,21170684,5
Tyler,Jaclyn,tyler.jaclyn@hod710load2.com,1234TEST,05,23,1937,in_state,2598778099,medical,22891936,83467240,4
Brandon,Lacey,brandon.lacey@hod710load2.com,1234TEST,09,11,1986,out_of_state,5179972696,recreational,15672436,33035070,2
Brittany,Adrian,brittany.adrian@hod710load2.com,1234TEST,05,28,1951,in_state,7589878129,medical,37781467,99833899,1
James,Brittney,james.brittney@hod710load2.com,1234TEST,03,18,1926,out_of_state,5866074540,recreational,97275438,71633612,3
Tara,Whitney,tara.whitney@hod710load2.com,1234TEST,05,3,1991,out_of_state,1686989329,recreational,69968070,99928726,5
Matthew,Rachael,matthew.rachael@hod710load2.com,1234TEST,10,24,1911,out_of_state,8728778107,medical,46455203,75913766,2
Krystal,Craig,krystal.craig@hod710load2.com,1234TEST,09,26,1983,in_state,5732007883,recreational,29755857,74824302,3
Bryan,Troy,bryan.troy@hod710load2.com,1234TEST,05,16,1902,in_state,5444537994,medical,98573758,51601886,1
Courtney,Casey,courtney.casey@hod710load2.com,1234TEST,05,7,1954,in_state,5989444396,medical,14737157,99520017,4
Victoria,Luis,victoria.luis@hod710load2.com,1234TEST,09,19,1983,out_of_state,2408486968,recreational,13377283,97312223,1
Eric,Bethany,eric.bethany@hod710load2.com,1234TEST,09,6,1951,out_of_state,5252963214,recreational,78378022,36656142,5
Mark,Casey,mark.casey@hod710load2.com,1234TEST,05,24,1987,in_state,3944735884,recreational,46299030,25034040,3